{"cameraMode":{"drawMode":0,"name":"Shaded","section":"Shading Mode"},"sceneLighting":false,"audioPlay":false,"sceneViewState":{"showFog":true,"showMaterialUpdate":false,"showSkybox":false,"showFlares":true,"showImageEffects":true,"showParticleSystems":true},"in2DMode":false,"pivot":{"x":6.691062927246094,"y":1.7660000324249268,"z":-20.761865615844728},"rotation":{"x":0.03325765207409859,"y":-0.26512768864631655,"z":0.009150342084467411,"w":0.9635960459709168},"size":1.4615528583526612,"orthographic":false}