{"cameraMode":{"drawMode":0,"name":"Shaded","section":"Shading Mode"},"sceneLighting":false,"audioPlay":false,"sceneViewState":{"showFog":true,"showMaterialUpdate":false,"showSkybox":false,"showFlares":true,"showImageEffects":true,"showParticleSystems":true},"in2DMode":false,"pivot":{"x":2.1811132431030275,"y":0.740666389465332,"z":-2.3441390991210939},"rotation":{"x":-0.14794610440731049,"y":-0.4816185235977173,"z":0.0828709602355957,"w":-0.8598197102546692},"size":2.961552619934082,"orthographic":false}